{"initial_reset_timestamp": 1650986411.3274248, "timestamps": [1650986428.068432, 1650986441.4813066, 1650986455.4352186, 1650986467.3639834, 1650986480.435681, 1650986493.3243642, 1650986509.8293657, 1650986519.0399451, 1650986530.472896, 1650986542.8080783, 1650986557.3914638, 1650986574.5276835, 1650986585.5062654, 1650986597.486292, 1650986632.4294035, 1650986643.444887, 1650986657.5671146, 1650986688.8834836, 1650986698.1831086, 1650986709.2076044, 1650986744.4193945, 1650986756.4365737, 1650986784.0010705, 1650986796.1672149, 1650986808.6576521, 1650986818.7711565, 1650986832.4844453, 1650986843.1469746, 1650986863.5771787, 1650986875.5517104, 1650986886.779538, 1650986906.7749028, 1650986922.764246, 1650986937.4190695, 1650986956.0026104, 1650986974.9026885, 1650986993.2595887, 1650987002.4111202, 1650987020.001349, 1650987031.484809, 1650987041.3697574, 1650987072.5234692, 1650987086.0924957, 1650987099.9939787, 1650987113.2483816, 1650987126.534557, 1650987138.4653049, 1650987154.2310054, 1650987165.0085073, 1650987186.6072512, 1650987206.1301763, 1650987240.5347118, 1650987274.9436498], "episode_lengths": [56, 43, 47, 37, 42, 42, 55, 28, 36, 38, 45, 58, 34, 37, 118, 34, 44, 108, 28, 34, 115, 39, 91, 38, 39, 30, 41, 32, 66, 36, 34, 65, 50, 46, 61, 62, 57, 27, 55, 35, 30, 103, 43, 44, 42, 42, 35, 51, 33, 70, 60, 116, 115], "episode_rewards": [-89.0, -94.0, -102.0, -128.0, -103.0, -111.0, -78.0, -137.0, -129.0, -123.0, -96.0, -43.0, -135.0, -120.0, 89.0, -107.0, -105.0, 51.0, -149.0, -103.0, 78.0, -106.0, -6.0, -127.0, -110.0, -135.0, -120.0, -153.0, -67.0, -133.0, -131.0, -52.0, -95.0, -107.0, -56.0, -51.0, -64.0, -146.0, -86.0, -114.0, -115.0, 54.0, -106.0, -101.0, -103.0, -91.0, -130.0, -66.0, -152.0, -15.0, -89.0, 39.0, 74.0], "episode_types": ["t", "t", "t", "t", "t", "t", "t", "t", "t", "t", "t", "t", "t", "t", "t", "t", "t", "t", "t", "t", "t", "t", "t", "t", "t", "t", "t", "t", "t", "t", "t", "t", "t", "t", "t", "t", "t", "t", "t", "t", "t", "t", "t", "t", "t", "t", "t", "t", "t", "t", "t", "t", "t", "t"]}